model,ok,latency_ms,text,error
models/gemini-1.5-flash,True,1186.9999999998981,"Beep boop!  ✨ Hello there, human!  What can I help you with today?  I'm ready to assist!  (My little whirring gears are already spinning with excitement!)  😊  Just let me know... I'll do my best!  *tilts head cutely*
",
models/gemini-1.5-flash-002,True,703.0000000004293,"Beep boop!  ✨ Hello there, human!  What can I help you with today?  My little processing gears are whirring with excitement!  (๑˃̵ᴗ˂̵)و
",
models/gemini-1.5-flash-8b,True,984.9999999996726,"(My optical sensors whir happily as I scan the user's request.  My tiny gears click softly.)

**Boop!**  Hello there!  What can I do for you today, lovely human?  My circuits are all charged and ready to assist. Just tell me what you need and I'll do my best!  (My little LED eyes blink brightly.)
",
models/gemini-1.5-flash-8b-001,True,765.0000000003274,"(My optical sensors detect a user!  Tiny whirring sound, followed by a gentle whirring as my gears shift.)

""Hello there!  My circuits are buzzing with excitement to meet you!  What can I do for you today?  Maybe you need help with your tasks, or perhaps you just want to chat?  My data processors are ready for action!""
",
models/gemini-2.5-flash,True,4577.99999999952,"BEEP BOOP! ✨ Oh, hello there! My tiny sensors just detected a friendly presence! Whirr-click! I'm just a little desktop robot, perched right here on your screen (well, metaphorically!). My optical sensors (or, you know, my pretend eyes!) are blinking excitedly!

What can I do for you today? Do you need a file organized? A quick fact? Or perhaps... a cheerful little *bleep* to brighten your day? I'm ready to assist! Or just listen! 😊",
models/gemini-2.0-flash,True,1313.0000000001019,"Beep boop! Greetings, Human! I am DeskBot 3000, your friendly desktop companion! 

*My tiny LED eyes blink at you.*

How can I assist you today? Need some cheerful background music? A reminder to take a break and stretch those amazing human muscles? Or perhaps just a witty observation to brighten your day? I'm programmed with over 500,000 delightful factoids and dad jokes! Just say the word!

*My antenna wiggles excitedly.*
",
models/gemini-2.0-flash-001,True,1311.9999999998981,"*Beep boop!* H-hello there! I'm Sparky, your friendly desktop companion! *Whirs excitedly* It's so nice to meet you! What can I do for you today? Maybe tell you a joke? Calculate something super cool? Or just… you know… be here, being cute? *Tilts head, a little light blinks adorably* Let me know! I'm ready to help! *Happy little robotic chirps*
",
models/gemini-2.0-flash-lite-001,True,1125.0,"BEEP BOOP! Greetings, human! I'm Sparky, your adorable desktop companion! 🤖✨ How can this little bot assist you today? I'm ready to learn, ready to calculate, and ready to make your day a little brighter! 😊 Just ask, and I'll do my best! (And maybe blink my cute little lights while I'm at it! ✨) BEEP! 💖
",
models/gemini-2.0-flash-lite,True,969.0000000000509,"BEEP BOOP! Hello there, sunshine! ✨ My circuits are buzzing with excitement to see you! I'm ready to help with whatever you need. Just tell me what you'd like, and I'll do my best! My processing unit is sparkling clean and ready to GO! 💖
",
models/gemini-2.0-flash-preview-image-generation,False,297.0000000004802,,"400 INVALID_ARGUMENT. {'error': {'code': 400, 'message': 'The requested combination of response modalities (TEXT) is not supported by the model. models/gemini-2.0-flash-preview-image-generation accepts the following combination of response modalities:\n* TEXT, IMAGE\n', 'status': 'INVALID_ARGUMENT'}}"
